condition_label,whichtalklabel,open_index,wordcount,betterlorn,gender_coded,year
laptop,inequalities,3.5,213,4,1,2019
longhand,inequalities,4.166666667,112,5,1,2017
longhand,ideas,2.666666667,54,4,2,2019
laptop,islam,2.769230769,551,2,1,2019
longhand,algorithms,2.461538462,66,5,1,2019
longhand,indus,2.666666667,233,6,2,2018
laptop,islam,2.785714286,274,6,1,2020
longhand,ideas,3.083333333,115,7,2,2019
longhand,islam,2.857142857,238,4,1,2018
laptop,inequalities,2.833333333,162,6,2,2019
longhand,islam,2.923076923,316,7,2,2019
longhand,indus,1.066666667,160,7,1,2018
longhand,inequalities,1,63,7,2,2020
laptop,indus,3.266666667,328,7,1,2017
longhand,islam,2.5,133,5,1,2017
longhand,islam,2.357142857,180,4,2,2017
longhand,islam,2.357142857,192,6,2,2019
laptop,algorithms,1.615384615,380,1,1,2019
laptop,islam,2.714285714,343,6,2,2019
laptop,ideas,3.083333333,361,1,1,2017
laptop,ideas,2.916666667,129,6,1,2017
laptop,algorithms,3,91,7,1,2019
laptop,indus,3.933333333,230,6,2,2018
laptop,ideas,2.666666667,163,7,1,2018
longhand,inequalities,0.833333333,49,4,1,2019
laptop,ideas,3.833333333,176,5,2,2017
longhand,inequalities,2,77,7,2,2019
longhand,algorithms,2.538461538,117,7,1,2020
longhand,ideas,2.083333333,227,1,1,2018
laptop,indus,3.866666667,334,3,1,2019
laptop,islam,2.928571429,203,5,1,2020
longhand,ideas,3,351,7,1,2018
laptop,indus,3.6,364,5,1,2017
longhand,indus,3,184,5,1,2020
longhand,inequalities,2,83,7,1,2019
laptop,algorithms,2.307692308,NA,6,1,2019
longhand,ideas,2.916666667,190,4,1,2018
laptop,inequalities,2,277,5,1,2018
longhand,algorithms,2.538461538,129,6,1,2019
longhand,inequalities,4.666666667,70,2,2,2019
longhand,ideas,3.666666667,254,6,1,2018
longhand,indus,3.533333333,100,6,2,2018
laptop,indus,2.266666667,304,4,1,2019
longhand,inequalities,2.833333333,99,5,2,2019
longhand,islam,1.071428571,145,5,1,2019
laptop,inequalities,3.666666667,237,5,1,2019
longhand,indus,3.666666667,125,6,1,2019
longhand,islam,1.285714286,96,7,2,2020
laptop,inequalities,3.333333333,269,7,1,2017
longhand,algorithms,2.692307692,66,6,2,2019
longhand,algorithms,1.307692308,92,4,1,2017
longhand,algorithms,2.538461538,139,6,2,2019
longhand,inequalities,2.909090909,154,5,1,2019
laptop,algorithms,1.153846154,98,6,2,2019
laptop,indus,4,52,7,2,2019
longhand,algorithms,2.692307692,89,7,1,2018
longhand,indus,3.2,157,4,2,2019
longhand,algorithms,2.461538462,73,5,2,2019
longhand,inequalities,2.666666667,114,6,1,2017
laptop,inequalities,2,83,5,2,2018
longhand,islam,2.071428571,103,4,2,2019
longhand,islam,1.538461538,36,4,2,2019
longhand,inequalities,1.916666667,80,6,1,2019
laptop,indus,3.533333333,199,5,1,2019
longhand,ideas,3.166666667,172,7,1,2017
longhand,indus,2.466666667,152,6,1,2018
longhand,inequalities,1.166666667,119,6,1,2019
laptop,indus,2.066666667,79,5,2,2019
laptop,ideas,3.181818182,181,4,1,2017
laptop,inequalities,2.916666667,527,3,1,2017
laptop,islam,1.857142857,339,4,2,2018
longhand,algorithms,2.615384615,133,5,2,2017
longhand,inequalities,4.416666667,103,7,2,2019
laptop,algorithms,2.769230769,67,6,2,2018
longhand,algorithms,1.307692308,273,6,1,2017
longhand,indus,3.866666667,144,6,1,2018
longhand,islam,2.928571429,243,3,1,2018
laptop,algorithms,0.769230769,68,5,1,2017
laptop,islam,2.714285714,228,6,2,2019
laptop,indus,3.533333333,157,4,1,2018
laptop,islam,2.857142857,327,5,1,2018
laptop,ideas,2.916666667,82,5,2,2019
longhand,algorithms,2.692307692,58,6,1,2019
laptop,algorithms,2.384615385,214,5,1,2020
laptop,indus,2.6,399,7,2,2017
laptop,ideas,3,75,3,1,2019
longhand,islam,0.571428571,112,5,2,2019
longhand,ideas,3,127,7,1,2018
laptop,ideas,3.25,237,7,1,2018
laptop,ideas,3.25,314,5,1,2020
longhand,inequalities,3.25,165,5,2,2018
longhand,islam,2.928571429,231,4,1,2018
longhand,ideas,4,176,7,2,2019
laptop,ideas,2.833333333,35,5,1,2019
laptop,algorithms,2.076923077,145,4,1,2018
longhand,islam,2.571428571,196,7,1,2020
longhand,inequalities,2,137,2,1,2017
longhand,indus,4,106,6,1,2019
laptop,indus,2.4,102,5,1,2017
laptop,algorithms,1.307692308,137,7,1,2019
longhand,algorithms,2.384615385,165,6,2,2020
laptop,algorithms,2.538461538,126,5,1,2019
longhand,indus,3.666666667,150,6,1,2019
longhand,indus,1.866666667,41,1,2,2019
longhand,inequalities,2.833333333,79,7,2,2019
longhand,inequalities,2,38,5,2,2018
longhand,indus,3.142857143,157,7,1,2019
longhand,algorithms,2.461538462,163,7,1,2018
longhand,indus,3.6,262,6,1,2019
laptop,inequalities,2.916666667,217,7,1,2019
laptop,indus,3.533333333,161,5,1,2020
longhand,inequalities,2,63,5,2,2019
longhand,ideas,2.636363636,97,7,1,2019
longhand,algorithms,2.615384615,67,4,2,2019
laptop,ideas,2.272727273,95,5,2,2020
laptop,islam,2.785714286,522,7,1,2017
laptop,islam,2.785714286,302,4,1,2019
longhand,indus,3.266666667,162,5,1,2018
laptop,inequalities,2.5,250,6,2,2020
laptop,islam,2.714285714,90,2,2,2018
laptop,inequalities,1.916666667,289,3,1,2020
laptop,inequalities,2,385,7,1,2017
laptop,indus,2.4,118,6,2,2019
laptop,islam,2,270,7,2,2019
laptop,islam,2.357142857,247,7,1,2019
laptop,inequalities,3.909090909,186,7,1,2019
longhand,ideas,2.181818182,124,3,2,2020
laptop,algorithms,2.384615385,140,5,1,2017
laptop,algorithms,2.692307692,639,6,1,2019
laptop,algorithms,0.846153846,167,5,1,2018
laptop,islam,2.857142857,254,6,1,2019
laptop,inequalities,3.454545455,335,2,2,2019
laptop,inequalities,4.090909091,113,5,2,2019
longhand,ideas,3.909090909,113,5,1,2019
longhand,indus,3.4,123,7,2,2017
laptop,algorithms,2.153846154,156,4,1,2019
longhand,algorithms,1.846153846,64,5,2,2020
longhand,inequalities,3.727272727,NA,2,1,2020
laptop,islam,2.857142857,558,3,1,2019
laptop,indus,2.466666667,152,4,1,2018
laptop,ideas,3.909090909,150,5,2,2018
